{"round": 0, "loss": 1.1592535972595215, "accuracy": 0.13618090748786926}
{"round": 1, "loss": 0.4397437572479248, "accuracy": 0.8879396915435791}
{"round": 2, "loss": 0.40671753883361816, "accuracy": 0.8876884579658508}
{"round": 3, "loss": 0.387960284948349, "accuracy": 0.8879396915435791}
{"round": 4, "loss": 0.37764793634414673, "accuracy": 0.8876884579658508}
{"round": 5, "loss": 0.3695233166217804, "accuracy": 0.8879396915435791}
